sku,Barcode
FURNI-BUNKBED-MATRES-CD-DOUBLE-RJ-A,9351853050393
FURNI-BUNKBED-MATRES-CD-DOUBLE-RJ-A,9351853050393
FURNI-BUNKBED-MATRES-CD-DOUBLE-RJ-A,9351853050393
FURNI-BUNKBED-MATRES-CD-DOUBLE-RJ-A,9351853050393
FURNI-BUNKBED-MATRES-CD-DOUBLE-RJ-A,9351853050393
FURNI-BUNKBED-MATRES-CD-DOUBLE-RJ-A,9351853050393
FURNI-BUNKBED-MATRES-CD-DOUBLE-RJ-A,9351853050393
FURNI-BUNKBED-MATRES-CD-DOUBLE-RJ-A,9351853050393
FURNI-BUNKBED-MATRES-CD-DOUBLE-RJ-A,9351853050393
FURNI-BUNKBED-MATRES-CD-DOUBLE-RJ-A,9351853050393
FURNI-BUNKBED-MATRES-CD-DOUBLE-RJ-A,9351853050393
FURNI-BUNKBED-MATRES-CD-DOUBLE-RJ-A,9351853050393
FURNI-BUNKBED-MATRES-CD-DOUBLE-RJ-A,9351853050393
FURNI-BUNKBED-MATRES-CD-DOUBLE-RJ-A,9351853050393
FURNI-BUNKBED-MATRES-CD-DOUBLE-RJ-A,9351853050393